<?xml version="1.0" encoding="UTF-8"?>
<beans:beans xmlns="http://www.springframework.org/schema/mvc"
	xmlns:xsi="http://www.w3.org/2001/XMLSchema-instance"
	xmlns:beans="http://www.springframework.org/schema/beans"
	xmlns:context="http://www.springframework.org/schema/context"
	xsi:schemaLocation="http://www.springframework.org/schema/mvc https://www.springframework.org/schema/mvc/spring-mvc.xsd
		http://www.springframework.org/schema/beans https://www.springframework.org/schema/beans/spring-beans.xsd
		http://www.springframework.org/schema/context https://www.springframework.org/schema/context/spring-context.xsd">

	<!-- DispatcherServlet Context: defines this servlet's request-processing infrastructure -->
	
	<!-- Enables the Spring MVC @Controller programming model -->
	<annotation-driven />

	<!-- Handles HTTP GET requests for /resources/** by efficiently serving up static resources in the ${webappRoot}/resources directory -->
	<resources mapping="/resources/**" location="/resources/" />
	<resources mapping="/css/**" location="/css/" />
	<resources mapping="/upload/**" location="/upload/" />
	<resources mapping="/img/**" location="/img/" />
	<resources mapping="/icon/**" location="/icon/" />
	<resources mapping="/ckeditor/**" location="/ckeditor/" />

	<!-- Resolves views selected for rendering by @Controllers to .jsp resources in the /WEB-INF/views directory -->
	<beans:bean class="org.springframework.web.servlet.view.InternalResourceViewResolver">
		<beans:property name="prefix" value="/WEB-INF/views/" />
		<beans:property name="suffix" value=".jsp" />
	</beans:bean>
	
	<context:component-scan base-package="com.dolbommon.dbmon" />
	<context:component-scan base-package="com.bitcamp.dbmon.brand" />
	
	<!-- 오라클dataSource 객체 생성 -->
	<beans:bean name="dataSource" class="org.springframework.jdbc.datasource.DriverManagerDataSource">
		<beans:property name="driverClassName" value="oracle.jdbc.driver.OracleDriver"></beans:property>
		<beans:property name="url" value="jdbc:oracle:thin:@106.240.16.163:1521:xe"></beans:property>
		<beans:property name="username" value="scott"></beans:property>
		<beans:property name="password" value="tiger009"></beans:property>
	</beans:bean>
	
	<!-- Template객체 만들기 -->
	<beans:bean name="template" class="org.springframework.jdbc.core.JdbcTemplate">
		<beans:property name="dataSource" ref="dataSource"></beans:property>
	</beans:bean>
	
	<!-- Mybatis에서 DB설정-->
	
	<!-- sqlSessionfactory객체 생성 -->
	<beans:bean name="sqlSessionFactory" class="org.mybatis.spring.SqlSessionFactoryBean">
		<beans:property name="dataSource" ref="dataSource"></beans:property>
		<beans:property name="mapperLocations">
			<beans:list>
				<beans:value>classpath:com/dolbommon/dbmon/mapper/*.xml</beans:value>
			</beans:list>
		</beans:property>
	</beans:bean>
	
	<!--sqlSession객체생성. -->
	<beans:bean name="sqlSession" class="org.mybatis.spring.SqlSessionTemplate">
		<beans:constructor-arg index="0" ref="sqlSessionFactory"></beans:constructor-arg>
	</beans:bean>
	<!--  Transaction 설정-->
	<beans:bean name="transactionManager" 
				class="org.springframework.jdbc.datasource.DataSourceTransactionManager">
		<beans:constructor-arg name="dataSource" ref="dataSource"></beans:constructor-arg>
	</beans:bean>
	
	
</beans:beans>
