<?xml version="1.0" encoding="UTF-8"?>
<!DOCTYPE mapper
  PUBLIC "-//mybatis.org//DTD Mapper 3.0//EN"
  "http://mybatis.org/dtd/mybatis-3-mapper.dtd">
<mapper namespace="com.dolbommon.dbmon.message.MessageDaoImp">
	<select id="messageAllRecord" resultType="com.dolbommon.dbmon.message.MessageVO">
		select * from
		(select * from
		(select no, userid_w, userid_r, subject, content, to_char(writedate, 'MM-DD') writedate, message_check, message_save_r, spam from message where 
		<choose>
			<when test='tabType.equals("2")'>
				userid_w=#{userid}  
			</when>
			<when test='tabType.equals("3")'>
				(userid_r=#{userid} and message_save_r='Y' and inactivity_r='N') or (userid_w=#{userid} and message_save_w='Y' and inactivity_w='N')
			</when>
			<otherwise>
				userid_r=#{userid} 
			</otherwise>
		</choose>
		<if test='tabType.equals("4")'>
			and spam='Y' and inactivity_r='N'	
		</if>
		<if test='tabType.equals("2")'>
			and message_save_w='N' and inactivity_w='N'
		</if>
		<if test='tabType.equals("1")'>
			and spam='N' and message_save_r='N' and inactivity_r='N'
		</if>
		<if test='searchWord != null and !searchWord.equals("") and !searchWord.equals("%%") and !searchWord.equals("%null%")'>
			<if test='searchKey.equals("userid")'>
				<choose>
					<when test='tabType.equals("2")'>
						and userid_w
					</when>
					<otherwise>
						and userid_r
					</otherwise>
				</choose>
			</if>
			<if test='!searchKey.equals("userid")'>
				and ${searchKey}
			</if>	
			like #{searchWord} 
		</if>
		order by no desc) where
		<![CDATA[rownum<=${currentPageRecord}]]>		
		order by no asc) where
		<![CDATA[rownum<=${lastPageRecordCount}]]>
		order by no desc
	</select>
	
	<select id="getAllRecordCount" parameterType="com.dolbommon.dbmon.message.MessageVO" resultType="int">
		select count(no) from message where 
		<choose>
			<when test='tabType.equals("2")'>
				userid_w=#{userid}  
			</when>
			<when test='tabType.equals("3")'>
				(userid_r=#{userid} and message_save_r='Y' and inactivity_r='N') or (userid_w=#{userid} and message_save_w='Y' and inactivity_w='N')
			</when>
			<otherwise>
				userid_r=#{userid} 
			</otherwise>
		</choose>
		<if test='tabType.equals("4")'>
			and spam='Y' and inactivity_r='N'	
		</if>
		<if test='tabType.equals("2")'>
			and message_save_w='N' and inactivity_w='N'
		</if>
		<if test='tabType.equals("1")'>
			and spam='N' and message_save_r='N' and inactivity_r='N'
		</if>
		<if test='searchWord != null and !searchWord.equals("") and !searchWord.equals("%%") and !searchWord.equals("%null%")'>
			<if test='searchKey.equals("userid")'>
				<choose>
					<when test='tabType.equals("2")'>
						and userid_w
					</when>
					<otherwise>
						and userid_r
					</otherwise>
				</choose>
			</if>
			<if test='!searchKey.equals("userid")'>
				and ${searchKey}
			</if>	
			like #{searchWord} 
		</if>
	</select>
	
	<select id="messageView" resultType="com.dolbommon.dbmon.message.MessageVO">
		select no, subject, userid_w, userid_r, to_char(writedate, 'YYYY"년 "MM"월 "DD"일"   PM HH:MI') writedate, content from message where no=#{no}
	</select>
	
	<insert id="messageWrite"  parameterType="com.dolbommon.dbmon.message.MessageVO">
		insert into message(no, userid_w, userid_r, subject, content) values(message_sq.nextval, #{userid_w}, #{userid_r}, #{subject}, #{content})
	</insert>
	
	<update id="readMessage">
		update message set message_check='Y' where no=#{no} and userid_r=#{userid}
	</update>
	
	<select id="newMessage" parameterType="com.dolbommon.dbmon.message.MessageVO" resultType="int">
		select count(no) from message where message_check='N' and 
		<if test='tabType.equals("4")'>
			userid_r=#{userid} and spam='Y'
		</if>
		<if test='tabType.equals("3")'>
			userid_r=#{userid} and message_save_r='Y' and inactivity_r='N'
		</if>
		<if test='tabType.equals("2")'>
			userid_w=#{userid} and message_save_w='N' and inactivity_w='N'
		</if>
		<if test='tabType.equals("1")'>
			userid_r=#{userid}  and spam='N' and message_save_r='N' and inactivity_r='N'
		</if>
		<if test='searchWord != null and !searchWord.equals("") and !searchWord.equals("%%") and !searchWord.equals("%null%")'>
			<if test='searchKey.equals("userid")'>
				<choose>
					<when test='tabType.equals("2")'>
						and userid_w
					</when>
					<otherwise>
						and userid_r
					</otherwise>
				</choose>
			</if>
			<if test='!searchKey.equals("userid")'>
				and ${searchKey}
			</if>	
			like #{searchWord} 
		</if>
	</select>
	
	<update id="saveMessage" parameterType="map">
		update message set 
		<choose>
			<when test='tabType.equals("2")'>
				Message_save_w='Y'	
			</when>
			<otherwise>
				message_save_r='Y' 
			</otherwise>
		</choose>
		where no=#{no}
	</update>
	
	<select id="loginCheck" resultType="com.dolbommon.dbmon.message.MessageVO" parameterType="int">
		select userid_r, userid_w from message where no=#{no}
	</select>
	
	<update id="messageDel" parameterType="map">
		update message set 
		<choose>
			<when test='viewType.equals("recieve")'>
				inactivity_r='Y'	
			</when>
			<otherwise>
				inactivity_w='Y' 
			</otherwise>
		</choose>
		where no=#{no}
	</update>
</mapper>